"knnAccuracy","knnAccuracySD","svmAccuracy","svmAccuracySD"
0.804489130434783,0.0207385617790634,0.854478260869565,0.0205235332002012
