"knnAccuracy","knnAccuracySD","svmAccuracy","svmAccuracySD"
0.954902173913043,0.0024862835226686,0.945315217391304,0.00195950523999025
