"knn_time_mean","knn_time_sdev","svm_time_mean","svm_time_sdev"
32.4009333333333,4.32796005888043,10.4381333333333,1.58063548401692
