"knnAccuracy","svmAccuracy","knnAccuracySD","svmAccuracySD"
0.966195652173913,0.974141304347826,0.0285169094564103,0.0203771087023883
